{
  "data": {
    "free": {
      "size": 478719
    },
    "ftyp": {
      "compatible_brands": [
        "M4A ",
        "mp42",
        "isom",
        "\u0000\u0000\u0000\u0000"
      ],
      "major_brand": "M4A ",
      "minor_version": 0,
      "size": 32
    },
    "mdat": {
      "size": 7306310
    },
    "moov": {
      "children": {
        "mvhd": {
          "creation_time": 268204751,
          "current_time": 0,
          "duration": 9423872,
          "flags": "\u0000\u0000\u0000",
          "matrix_structure": "\u0000\u0001\u0000\u0000\u0000\u0000\u0000\u0000\u0000\u0000\u0000\u0000\u0000\u0000\u0000\u0000\u0000\u0001\u0000\u0000\u0000\u0000\u0000\u0000\u0000\u0000\u0000\u0000\u0000\u0000\u0000\u0000@\u0000\u0000\u0000",
          "modification_time": -758314095,
          "next_track_id": 2,
          "poster_time": 0,
          "preferred_rate": 9.183549615799121e-41,
          "preferred_volume": 1.52587890625e-05,
          "preview_duration": 0,
          "preview_time": 0,
          "reserved": "\u0000\u0000\u0000\u0000\u0000\u0000\u0000\u0000\u0000\u0000",
          "selection_duration": 0,
          "selection_time": 0,
          "size": 108,
          "time_scale": 44100,
          "version": "\u0000"
        },
        "trak": {
          "children": {
            "mdia": {
              "children": {
                "hdlr": {
                  "component_flags": 0,
                  "component_flags_mask": 0,
                  "component_manufacturer": 0,
                  "component_subtype": "oun\u0000",
                  "component_type": "\u0000\u0000\u0000s",
                  "flags": 0,
                  "size": 34,
                  "version": "\u0000"
                },
                "mdhd": {
                  "size": 32
                },
                "minf": {
                  "children": {
                    "dinf": {
                      "size": 36
                    },
                    "smhd": {
                      "size": 16
                    },
                    "stbl": {
                      "children": {
                        "stco": {
                          "size": 1692
                        },
                        "stsc": {
                          "size": 40
                        },
                        "stsd": {
                          "size": 32886
                        },
                        "stsz": {
                          "size": 36832
                        },
                        "stts": {
                          "size": 24
                        }
                      },
                      "size": 71482
                    }
                  },
                  "size": 71542
                }
              },
              "size": 71616
            },
            "tkhd": {
              "size": 92
            }
          },
          "size": 71716
        },
        "udta": {
          "children": {
            "meta": {
              "size": 45981
            }
          },
          "size": 45989
        }
      },
      "size": 117821
    }
  },
  "size": 7902882,
  "source": "E:\\Plex\\Music\\Aaron West and The Roaring Twenties\\We Don't Have Each Other\\01 Our Apartment.m4a"
}
